backend,size_bytes,level,iter,wall_ms,sandbox_ms,native_ms
native,262144,1,0,2.085541025735438,,1.119
native,262144,1,1,2.0673329709097743,,1.251
native,262144,1,2,2.099520992487669,,1.288
native,262144,1,3,2.2044339566491544,,1.283
native,262144,1,4,2.2798890131525695,,1.354
wasm2c,262144,1,0,3.4154619788751006,1.032,0.929
wasm2c,262144,1,1,249.59038203814998,1.37,1.269
wasm2c,262144,1,2,4.436628019902855,1.392,1.285
wasm2c,262144,1,3,4.256983986124396,1.432,1.311
wasm2c,262144,1,4,4.146679013501853,1.382,1.294
process,262144,1,0,9.701794013381004,4.975,1.271
process,262144,1,1,8.281339018139988,3.892,0.989
process,262144,1,2,8.038564992602915,3.674,0.951
process,262144,1,3,9.200886997859925,4.861,1.315
process,262144,1,4,9.376507950946689,4.935,1.277
meta_process,262144,1,0,10.157456970773637,5.361,1.305
meta_process,262144,1,1,8.010126010049134,3.589,0.847
meta_process,262144,1,2,10.26424003066495,5.546,1.323
meta_process,262144,1,3,10.249213024508208,5.391,1.234
meta_process,262144,1,4,9.716572007164359,5.236,1.208
meta_wasm,262144,1,0,6.387212022673339,2.211,1.334
meta_wasm,262144,1,1,6.864546972792596,2.204,1.367
meta_wasm,262144,1,2,6.603564019314945,2.218,1.332
meta_wasm,262144,1,3,5.192944023292512,1.623,0.798
meta_wasm,262144,1,4,6.603787012863904,2.168,1.324
meta_adaptive,262144,1,0,6.049278017599136,1.921,1.11
meta_adaptive,262144,1,1,6.8000010214746,2.2,1.37
meta_adaptive,262144,1,2,5.276773008517921,1.534,0.814
meta_adaptive,262144,1,3,5.564506980590522,1.681,0.88
meta_adaptive,262144,1,4,5.097804008983076,1.762,0.946
native,262144,6,0,1.6961089568212628,,1.114
native,262144,6,1,1.6586359706707299,,1.03
native,262144,6,2,1.6648549935780466,,1.035
native,262144,6,3,1.9153939792886376,,1.304
native,262144,6,4,1.877465983852744,,1.269
wasm2c,262144,6,0,4.874083038885146,1.901,1.638
wasm2c,262144,6,1,3.9261369965970516,1.359,1.144
wasm2c,262144,6,2,3.453543991781771,1.23,1.023
wasm2c,262144,6,3,3.257715026848018,1.262,1.087
wasm2c,262144,6,4,3.857599978800863,1.371,1.138
process,262144,6,0,8.704469015356153,4.204,1.371
process,262144,6,1,9.247836947906762,4.692,1.53
process,262144,6,2,9.682641015388072,5.007,1.559
process,262144,6,3,8.904538990464061,4.189,1.438
process,262144,6,4,10.242381016723812,5.013,1.628
meta_process,262144,6,0,9.53570200363174,4.786,1.568
meta_process,262144,6,1,8.705201034899801,3.954,1.274
meta_process,262144,6,2,9.550266026053578,4.724,1.438
meta_process,262144,6,3,9.626119048334658,4.459,1.558
meta_process,262144,6,4,10.29499399010092,5.321,1.664
meta_wasm,262144,6,0,6.552605016622692,2.163,1.543
meta_wasm,262144,6,1,6.189731997437775,1.587,1.303
meta_wasm,262144,6,2,5.143860005773604,1.544,1.031
meta_wasm,262144,6,3,5.761513952165842,1.7,1.201
meta_wasm,262144,6,4,6.844015035312623,2.195,1.638
meta_adaptive,262144,6,0,5.76476997230202,1.617,1.198
meta_adaptive,262144,6,1,6.515485001727939,2.175,1.663
meta_adaptive,262144,6,2,5.698174005374312,1.62,1.183
meta_adaptive,262144,6,3,4.918448976241052,1.501,1.037
meta_adaptive,262144,6,4,5.863963044248521,1.923,1.437
native,262144,9,0,1.7432660097256303,,1.065
native,262144,9,1,1.7114290385507047,,1.108
native,262144,9,2,1.7778929905034602,,1.121
native,262144,9,3,1.829667016863823,,1.19
native,262144,9,4,1.5830870252102613,,1.084
wasm2c,262144,9,0,3.325253026559949,1.283,1.084
wasm2c,262144,9,1,3.6176659632474184,1.285,1.082
wasm2c,262144,9,2,3.2887569977901876,1.27,1.07
wasm2c,262144,9,3,3.6356199998408556,1.289,1.074
wasm2c,262144,9,4,3.347545978613198,1.282,1.086
process,262144,9,0,8.109510003123432,3.723,1.266
process,262144,9,1,9.095842950046062,4.647,1.569
process,262144,9,2,7.763346016872674,3.358,1.127
process,262144,9,3,10.067513037938625,4.937,1.549
process,262144,9,4,9.290019981563091,4.807,1.776
meta_process,262144,9,0,9.90933901630342,5.009,1.699
meta_process,262144,9,1,9.998774970881641,5.094,1.65
meta_process,262144,9,2,10.180074023082852,5.205,1.765
meta_process,262144,9,3,7.907202001661062,3.462,1.146
meta_process,262144,9,4,10.014930972829461,5.064,1.72
meta_wasm,262144,9,0,5.27149299159646,1.667,1.2
meta_wasm,262144,9,1,5.13303600018844,1.544,1.082
meta_wasm,262144,9,2,7.104954042006284,2.267,1.695
meta_wasm,262144,9,3,5.611316999420524,1.624,1.112
meta_wasm,262144,9,4,5.806766974274069,1.661,1.18
meta_adaptive,262144,9,0,6.0392890009097755,1.731,1.292
meta_adaptive,262144,9,1,6.758595001883805,2.14,1.599
meta_adaptive,262144,9,2,5.507958005182445,1.454,1.213
meta_adaptive,262144,9,3,6.40761898830533,2.136,1.623
meta_adaptive,262144,9,4,6.203129014465958,1.75,1.261
native,1048576,1,0,3.5856030299328268,,2.758
native,1048576,1,1,4.124826984480023,,3.333
native,1048576,1,2,3.914870962034911,,3.157
native,1048576,1,3,4.380750993732363,,3.606
native,1048576,1,4,3.8176639936864376,,3.001
wasm2c,1048576,1,0,6.8936109892092645,2.982,2.721
wasm2c,1048576,1,1,7.725991017650813,3.274,2.956
wasm2c,1048576,1,2,9.059357980731875,3.936,3.637
wasm2c,1048576,1,3,7.02534697484225,3.028,2.816
wasm2c,1048576,1,4,7.5384589727036655,3.073,2.785
process,1048576,1,0,21.552961959969252,14.915,3.678
process,1048576,1,1,20.469299983233213,13.417,3.253
process,1048576,1,2,20.159345993306488,13.395,3.334
process,1048576,1,3,19.288948038592935,12.984,3.108
process,1048576,1,4,20.945477997884154,13.743,3.427
meta_process,1048576,1,0,27.652914985083044,19.289,4.772
meta_process,1048576,1,1,24.680380010977387,16.663,3.974
meta_process,1048576,1,2,21.286663017235696,14.663,3.209
meta_process,1048576,1,3,20.902725984342396,14.157,3.033
meta_process,1048576,1,4,26.39404300134629,18.121,4.273
meta_wasm,1048576,1,0,11.253529984969646,5.167,2.854
meta_wasm,1048576,1,1,10.522188036702573,5.083,2.75
meta_wasm,1048576,1,2,11.396227986551821,5.295,2.821
meta_wasm,1048576,1,3,11.775971972383559,5.281,2.92
meta_wasm,1048576,1,4,11.134464992210269,5.187,2.847
meta_adaptive,1048576,1,0,11.119773029349744,5.476,2.945
meta_adaptive,1048576,1,1,11.795577011071146,5.691,3.18
meta_adaptive,1048576,1,2,11.67624699883163,5.719,3.282
meta_adaptive,1048576,1,3,10.956199024803936,5.203,2.787
meta_adaptive,1048576,1,4,12.693579017650336,5.797,3.4
native,1048576,6,0,4.402892023790628,,3.623
native,1048576,6,1,4.171390028204769,,3.535
native,1048576,6,2,4.333621996920556,,3.595
native,1048576,6,3,4.644893982913345,,3.745
native,1048576,6,4,4.7726090415380895,,3.95
wasm2c,1048576,6,0,8.923198038246483,4.074,3.665
wasm2c,1048576,6,1,9.6119639929384,4.36,3.724
wasm2c,1048576,6,2,9.130824008025229,4.191,3.609
wasm2c,1048576,6,3,8.883130038157105,4.126,3.609
wasm2c,1048576,6,4,8.909024007152766,4.116,3.573
process,1048576,6,0,23.732542991638184,15.027,5.083
process,1048576,6,1,19.156750990077853,12.223,3.912
process,1048576,6,2,22.53434801241383,14.535,4.639
process,1048576,6,3,24.60993896238506,16.186,5.391
process,1048576,6,4,21.29503298783675,13.225,4.298
meta_process,1048576,6,0,19.89515300374478,12.368,3.733
meta_process,1048576,6,1,25.448746979236603,14.747,4.669
meta_process,1048576,6,2,24.684860953129828,15.697,4.876
meta_process,1048576,6,3,26.835097989533097,17.321,5.451
meta_process,1048576,6,4,25.019222986884415,16.404,5.13
meta_wasm,1048576,6,0,11.311156034935266,4.532,3.521
meta_wasm,1048576,6,1,11.444797040894628,4.727,3.71
meta_wasm,1048576,6,2,14.983484987169504,6.354,5.19
meta_wasm,1048576,6,3,13.25766002992168,5.538,4.457
meta_wasm,1048576,6,4,12.57039699703455,5.168,4.145
meta_adaptive,1048576,6,0,12.506166996899992,5.114,4.254
meta_adaptive,1048576,6,1,11.102309974376112,4.64,3.59
meta_adaptive,1048576,6,2,12.197454983834177,4.96,3.987
meta_adaptive,1048576,6,3,13.37222201982513,5.493,4.432
meta_adaptive,1048576,6,4,15.107078012079,6.535,5.302
native,1048576,9,0,4.814579035155475,,4.075
native,1048576,9,1,5.450458033010364,,4.647
native,1048576,9,2,5.513473006431013,,4.62
native,1048576,9,3,4.428646003361791,,3.701
native,1048576,9,4,4.639254009816796,,3.922
wasm2c,1048576,9,0,12.94315594714135,5.962,5.212
wasm2c,1048576,9,1,10.965535999275744,4.946,4.325
wasm2c,1048576,9,2,9.108982980251312,4.198,3.663
wasm2c,1048576,9,3,10.788707993924618,4.972,4.349
wasm2c,1048576,9,4,9.039263997692615,4.139,3.667
process,1048576,9,0,25.292915990576148,16.096,5.368
process,1048576,9,1,20.16922499751672,12.802,4.018
process,1048576,9,2,26.22354496270418,17.024,5.393
process,1048576,9,3,23.52576400153339,14.862,4.833
process,1048576,9,4,26.269185007549822,16.949,5.498
meta_process,1048576,9,0,21.561421977821738,13.48,4.271
meta_process,1048576,9,1,21.467871963977814,13.103,4.478
meta_process,1048576,9,2,26.948206999804825,17.744,5.659
meta_process,1048576,9,3,26.676542009226978,17.245,5.593
meta_process,1048576,9,4,28.487606963608414,18.618,5.995
meta_wasm,1048576,9,0,11.906988976988941,4.652,3.62
meta_wasm,1048576,9,1,13.727830024436116,5.721,4.758
meta_wasm,1048576,9,2,12.416366022080183,4.725,4.067
meta_wasm,1048576,9,3,13.989169034175575,5.922,4.79
meta_wasm,1048576,9,4,14.61217098403722,5.827,4.803
meta_adaptive,1048576,9,0,11.6890849894844,4.596,3.817
meta_adaptive,1048576,9,1,14.820591954048723,6.285,5.075
meta_adaptive,1048576,9,2,12.335556966718286,4.686,3.723
meta_adaptive,1048576,9,3,15.0650930008851,6.21,5.086
meta_adaptive,1048576,9,4,16.589410020969808,7.094,5.792
native,4194304,1,0,12.570410966873169,,11.29
native,4194304,1,1,12.267084966879338,,11.043
native,4194304,1,2,15.371298009995371,,13.979
native,4194304,1,3,12.380748987197876,,11.117
native,4194304,1,4,12.402612017467618,,11.1
wasm2c,4194304,1,0,24.771735013928264,11.71,10.846
wasm2c,4194304,1,1,24.365949968341738,11.744,10.758
wasm2c,4194304,1,2,25.867960008326918,12.337,11.195
wasm2c,4194304,1,3,30.738920031581074,14.624,13.537
wasm2c,4194304,1,4,24.815522017888725,11.735,10.869
process,4194304,1,0,86.29986399319023,65.385,16.05
process,4194304,1,1,79.38331901095808,60.173,14.807
process,4194304,1,2,73.31084198085591,55.05,13.942
process,4194304,1,3,74.1485920152627,55.661,13.747
process,4194304,1,4,87.40709099220112,66.241,16.358
meta_process,4194304,1,0,76.5435440116562,58.584,13.248
meta_process,4194304,1,1,72.10435497108847,56.054,11.827
meta_process,4194304,1,2,79.73957702051848,60.916,14.113
meta_process,4194304,1,3,90.98502399865538,69.523,16.488
meta_process,4194304,1,4,77.14312203461304,59.35,13.655
meta_wasm,4194304,1,0,38.137990050017834,21.657,12.318
meta_wasm,4194304,1,1,34.77345098508522,19.85,10.985
meta_wasm,4194304,1,2,34.33459100779146,19.597,10.715
meta_wasm,4194304,1,3,35.69127700757235,20.539,11.272
meta_wasm,4194304,1,4,37.860913027543575,21.337,12.148
meta_adaptive,4194304,1,0,37.48587501468137,21.209,12.002
meta_adaptive,4194304,1,1,40.974780975375324,23.015,13.401
meta_adaptive,4194304,1,2,35.47569498186931,19.943,11.022
meta_adaptive,4194304,1,3,34.68496899586171,19.998,10.998
meta_adaptive,4194304,1,4,36.35563398711383,20.619,11.32
native,4194304,6,0,14.741126971784979,,13.486
native,4194304,6,1,14.695687976200134,,13.521
native,4194304,6,2,17.088034946937114,,15.623
native,4194304,6,3,17.841348017100245,,16.126
native,4194304,6,4,15.677299990784377,,14.268
wasm2c,4194304,6,0,30.872831994201988,15.526,13.593
wasm2c,4194304,6,1,31.102481996640563,15.528,13.767
wasm2c,4194304,6,2,30.77289299108088,15.493,13.57
wasm2c,4194304,6,3,31.16052597761154,15.72,13.599
wasm2c,4194304,6,4,31.170405040029436,15.497,13.928
process,4194304,6,0,70.30377199407667,49.719,16.101
process,4194304,6,1,72.53654999658465,51.792,16.307
process,4194304,6,2,76.94643299328163,55.722,17.397
process,4194304,6,3,67.46939400909469,47.964,15.019
process,4194304,6,4,74.29785002022982,53.125,16.712
meta_process,4194304,6,0,77.8961549513042,55.844,17.388
meta_process,4194304,6,1,85.84196597803384,61.593,19.332
meta_process,4194304,6,2,76.11764001194388,54.501,16.924
meta_process,4194304,6,3,66.84734002919868,47.574,14.864
meta_process,4194304,6,4,76.60403795307502,55.077,17.286
meta_wasm,4194304,6,0,37.34038001857698,17.992,14.998
meta_wasm,4194304,6,1,36.907478992361575,16.987,15.464
meta_wasm,4194304,6,2,35.64772201934829,16.978,14.165
meta_wasm,4194304,6,3,34.269145980942994,16.218,13.595
meta_wasm,4194304,6,4,41.18582495721057,19.714,17.092
meta_adaptive,4194304,6,0,36.70054901158437,17.55,14.614
meta_adaptive,4194304,6,1,34.42912403261289,16.448,13.618
meta_adaptive,4194304,6,2,35.56365001713857,17.01,14.317
meta_adaptive,4194304,6,3,39.8429770139046,19.015,16.388
meta_adaptive,4194304,6,4,39.116896979976445,18.871,16.215
native,4194304,9,0,16.2106339703314,,15.012
native,4194304,9,1,16.58657001098618,,15.367
native,4194304,9,2,20.892644999548793,,19.447
native,4194304,9,3,17.33822503592819,,16.084
native,4194304,9,4,19.489298050757498,,18.264
wasm2c,4194304,9,0,44.57088699564338,22.313,19.537
wasm2c,4194304,9,1,34.325250948313624,17.049,15.041
wasm2c,4194304,9,2,32.07647200906649,15.944,14.012
wasm2c,4194304,9,3,31.991638999897987,15.813,13.895
wasm2c,4194304,9,4,31.66183701250702,15.753,13.78
process,4194304,9,0,72.75099499383941,51.436,16.793
process,4194304,9,1,68.7515300232917,48.242,15.97
process,4194304,9,2,84.00917198741809,59.841,19.29
process,4194304,9,3,90.88047198019922,64.949,21.016
process,4194304,9,4,80.84784296806902,59.051,17.279
meta_process,4194304,9,0,78.82834901101887,57.582,16.696
meta_process,4194304,9,1,80.93348803231493,59.259,17.583
meta_process,4194304,9,2,84.73057800438255,61.977,18.969
meta_process,4194304,9,3,79.71371902385727,58.474,16.9
meta_process,4194304,9,4,87.0145300286822,63.619,18.915
meta_wasm,4194304,9,0,37.341477000154555,17.939,14.995
meta_wasm,4194304,9,1,35.37071403115988,16.77,14.447
meta_wasm,4194304,9,2,34.1590530006215,16.493,13.895
meta_wasm,4194304,9,3,36.857289960607886,16.816,15.726
meta_wasm,4194304,9,4,37.99103799974546,18.105,15.557
meta_adaptive,4194304,9,0,40.73582898126915,19.639,16.682
meta_adaptive,4194304,9,1,41.685526026412845,20.028,16.708
meta_adaptive,4194304,9,2,35.75942595489323,17.154,14.419
meta_adaptive,4194304,9,3,42.59118699701503,20.082,17.948
meta_adaptive,4194304,9,4,40.828977013006806,19.593,16.583
native,16777216,1,0,43.52488199947402,,40.983
native,16777216,1,1,47.930715954862535,,45.007
native,16777216,1,2,48.324858013074845,,45.39
native,16777216,1,3,44.064784015063196,,41.486
native,16777216,1,4,43.92297304002568,,41.245
wasm2c,16777216,1,0,92.08447899436578,45.521,42.42
wasm2c,16777216,1,1,92.2000790014863,46.109,42.009
wasm2c,16777216,1,2,92.35610399628058,46.137,42.151
wasm2c,16777216,1,3,252.84720095805824,46.256,42.495
wasm2c,16777216,1,4,92.95344998827204,46.167,42.297
process,16777216,1,0,287.65481896698475,226.151,53.527
process,16777216,1,1,283.35883701220155,222.284,53.758
process,16777216,1,2,282.8616480110213,220.099,54.689
process,16777216,1,3,268.65725696552545,211.629,49.705
process,16777216,1,4,283.0907400348224,221.915,53.673
meta_process,16777216,1,0,313.87797702336684,248.882,57.22
meta_process,16777216,1,1,332.437768985983,263.378,60.373
meta_process,16777216,1,2,296.68912501074374,236.356,53.556
meta_process,16777216,1,3,284.7497079637833,225.912,51.322
meta_process,16777216,1,4,295.3517200076021,234.851,52.884
meta_wasm,16777216,1,0,124.89704502513632,76.532,42.153
meta_wasm,16777216,1,1,126.47150998236611,77.453,43.128
meta_wasm,16777216,1,2,126.51100702350959,77.358,42.749
meta_wasm,16777216,1,3,124.81997901340947,76.93,42.281
meta_wasm,16777216,1,4,130.0431769923307,79.081,44.464
meta_adaptive,16777216,1,0,104.76217902032658,56.739,41.788
meta_adaptive,16777216,1,1,107.77821199735627,58.377,43.236
meta_adaptive,16777216,1,2,117.22657503560185,63.176,47.474
meta_adaptive,16777216,1,3,113.08001598808914,61.557,44.854
meta_adaptive,16777216,1,4,114.53605000860989,62.196,45.742
native,16777216,6,0,56.851740984711796,,54.283
native,16777216,6,1,57.011608965694904,,54.442
native,16777216,6,2,60.298831027466804,,57.648
native,16777216,6,3,55.17595895798877,,52.761
native,16777216,6,4,55.32567901536822,,52.907
wasm2c,16777216,6,0,118.82057803450152,60.846,54.276
wasm2c,16777216,6,1,119.70745597500354,61.831,53.818
wasm2c,16777216,6,2,120.20503298845142,61.567,54.516
wasm2c,16777216,6,3,118.56629198882729,60.902,53.671
wasm2c,16777216,6,4,117.79058503452688,60.516,53.301
process,16777216,6,0,266.600166040007,203.852,56.208
process,16777216,6,1,277.4855329771526,210.23,60.433
process,16777216,6,2,269.31986201088876,200.497,61.983
process,16777216,6,3,255.83724497118965,190.907,58.423
process,16777216,6,4,271.4218740002252,203.193,61.335
meta_process,16777216,6,0,270.1594270183705,203.01,60.166
meta_process,16777216,6,1,326.31329697323963,204.604,55.444
meta_process,16777216,6,2,276.9234459847212,208.377,61.887
meta_process,16777216,6,3,268.16042396239936,205.951,56.179
meta_process,16777216,6,4,266.4668070501648,203.298,56.519
meta_wasm,16777216,6,0,121.72843900043517,62.689,52.87
meta_wasm,16777216,6,1,128.4145949757658,66.251,56.277
meta_wasm,16777216,6,2,124.7522480553016,64.005,54.436
meta_wasm,16777216,6,3,123.38685401482508,63.274,53.929
meta_wasm,16777216,6,4,126.40168494544923,64.618,55.183
meta_adaptive,16777216,6,0,134.38219402451068,70.901,56.83
meta_adaptive,16777216,6,1,123.12782899243757,63.644,53.117
meta_adaptive,16777216,6,2,134.0531789464876,70.55,57.014
meta_adaptive,16777216,6,3,122.08536901744083,63.095,52.458
meta_adaptive,16777216,6,4,126.47363700671121,65.994,53.786
native,16777216,9,0,56.82549503399059,,54.176
native,16777216,9,1,61.13800796447322,,58.54
native,16777216,9,2,56.568536965642124,,53.905
native,16777216,9,3,57.160633034072816,,54.724
native,16777216,9,4,56.371507002040744,,53.637
wasm2c,16777216,9,0,121.10340798972175,62.295,54.711
wasm2c,16777216,9,1,119.57409797469154,61.506,54.273
wasm2c,16777216,9,2,120.29079801868647,61.942,54.587
wasm2c,16777216,9,3,118.87215997558087,61.017,54.205
wasm2c,16777216,9,4,120.42687303619459,62.297,54.554
process,16777216,9,0,302.29119601426646,234.065,61.721
process,16777216,9,1,261.4764260360971,189.374,65.506
process,16777216,9,2,257.8206090256572,188.545,62.061
process,16777216,9,3,237.54569597076625,173.835,57.268
process,16777216,9,4,278.41058501508087,208.005,63.672
meta_process,16777216,9,0,268.69854098185897,198.901,62.708
meta_process,16777216,9,1,289.4735080190003,217.266,65.06
meta_process,16777216,9,2,305.09217403596267,235.155,62.808
meta_process,16777216,9,3,281.37118398444727,209.272,64.88
meta_process,16777216,9,4,299.4334480026737,232.602,60.499
meta_wasm,16777216,9,0,134.14208800531924,68.542,58.874
meta_wasm,16777216,9,1,253.0552259995602,67.449,57.021
meta_wasm,16777216,9,2,125.50690502393991,64.388,54.474
meta_wasm,16777216,9,3,124.95367502560839,64.179,54.7
meta_wasm,16777216,9,4,128.61590704414994,66.274,56.023
meta_adaptive,16777216,9,0,132.5147189782001,68.677,57.245
meta_adaptive,16777216,9,1,128.90455697197467,66.131,56.281
meta_adaptive,16777216,9,2,130.11587999062613,66.612,56.594
meta_adaptive,16777216,9,3,142.5511070410721,73.86,61.962
meta_adaptive,16777216,9,4,126.71654700534418,65.527,54.879
